﻿<?xml version="1.0" encoding="UTF-8" standalone="yes"?>
<addon id="repository.team.expat" name="Team eXpat Repository" version="1.1.1" provider-name="Team-eXpat">
	<extension point="xbmc.addon.repository" name="Team Expat Repository">
		<info compressed="false">https://cdn.rawgit.com/expatrelaunch/team.expat/1086fc02/repo/addons.xml</info>
		<checksum>https://cdn.rawgit.com/expatrelaunch/team.expat/1086fc02/repo/addons.xml.md5</checksum>
		<datadir zip="true">https://cdn.rawgit.com/expatrelaunch/team.expat/1086fc02/repo/</datadir>
	</extension>
	<extension point="xbmc.addon.metadata">
		<summary>Team eXpat Addons</summary>
		<description>Team Expat Addons are contained here.</description>
		<disclaimer></disclaimer>
		<platform>all</platform>
	</extension>
</addon>